"matrix.unlist.linkHeading...nrow...length.linkHeading...byrow...TRUE.","matrix.unlist.linkHref...nrow...length.linkHref...byrow...TRUE."
"US splits with allies again as it looks to extend Iran weapons ban","https://news.google.com/articles/CAIiEABdl5HDSJe0pcbb4KgHLaQqGQgEKhAIACoHCAowocv1CjCSptoCMJrUpgU?hl=en-US&gl=US&ceid=US%3Aen"
"US asks allies to help rein in Iran-Venezuela flights","https://news.google.com/articles/CAIiELqjmmtUd183B_lGsbEuK6oqFAgEKgwIACoFCAowhgIwkDgw0O8B?hl=en-US&gl=US&ceid=US%3Aen"
"'Not the New York Gulf': US-Iran war of words heats up","https://news.google.com/articles/CAIiEC-paA8wb6fMqrb8g4ciE1QqGQgEKhAIACoHCAowyO6VCzDLka0DMPO9xwY?hl=en-US&gl=US&ceid=US%3Aen"
"Iranian Families Separated by One Trump Order After Another","https://news.google.com/articles/CBMiUmh0dHBzOi8vdGhlaW50ZXJjZXB0LmNvbS8yMDIwLzA0LzI5L211c2xpbS1iYW4tY29yb25hdmlydXMtaXJhbi1mYW1pbHktc2VwYXJhdGlvbi_SAQA?hl=en-US&gl=US&ceid=US%3Aen"
"Iran’s Government To Keep Religious Sites Closed In Blow To Hard-Line Clerics","https://news.google.com/articles/CBMiW2h0dHBzOi8vd3d3LnJmZXJsLm9yZy9hL2lyYW4tY292aWQtMTktcmVsaWdpb3VzLXNpdGVzLWNsb2VkLWhhcmQtbGluZS1jbGVyaWNzLzMwNTg1MjIzLmh0bWzSAV1odHRwczovL3d3dy5yZmVybC5vcmcvYW1wL2lyYW4tY292aWQtMTktcmVsaWdpb3VzLXNpdGVzLWNsb2VkLWhhcmQtbGluZS1jbGVyaWNzLzMwNTg1MjIzLmh0bWw?hl=en-US&gl=US&ceid=US%3Aen"
"Iran satellite launch 'sends a message' on failed US pressure","https://news.google.com/articles/CAIiEFlJRXDOS4z37vQAX8V64nsqFAgEKgwIACoFCAowhgIwkDgw0O8B?hl=en-US&gl=US&ceid=US%3Aen"
"Rouhani says Iran watching US activities in Gulf region","https://news.google.com/articles/CAIiEEOMUe2Q0GdGoww5wIPmaBkqFAgEKgwIACoFCAowhgIwkDgw0O8B?hl=en-US&gl=US&ceid=US%3Aen"
"Iran virus death toll surges past 6,000","https://news.google.com/articles/CBMiTWh0dHBzOi8vbmV3cy55YWhvby5jb20vaXJhbi12aXJ1cy1kZWF0aC10b2xsLXN1cmdlcy1wYXN0LTYtMDAwLTEwNTgxNDU2MC5odG1s0gFVaHR0cHM6Ly9uZXdzLnlhaG9vLmNvbS9hbXBodG1sL2lyYW4tdmlydXMtZGVhdGgtdG9sbC1zdXJnZXMtcGFzdC02LTAwMC0xMDU4MTQ1NjAuaHRtbA?hl=en-US&gl=US&ceid=US%3Aen"
"Iran's most dangerous virus is its lying, oppressive regime","https://news.google.com/articles/CBMiZGh0dHBzOi8vd3d3Lndhc2hpbmd0b250aW1lcy5jb20vbmV3cy8yMDIwL2Fwci8yOS9pcmFucy1tb3N0LWRhbmdlcm91cy12aXJ1cy1pcy1pdHMtbHlpbmctb3BwcmVzc2l2ZS_SAWRodHRwczovL2FtcC53YXNoaW5ndG9udGltZXMuY29tL25ld3MvMjAyMC9hcHIvMjkvaXJhbnMtbW9zdC1kYW5nZXJvdXMtdmlydXMtaXMtaXRzLWx5aW5nLW9wcHJlc3NpdmUv?hl=en-US&gl=US&ceid=US%3Aen"
"Iran's Revolutionary Guards Play Politics With the Coronavirus","https://news.google.com/articles/CAIiENIwklrqt0LXJmsfMFm4l_cqFwgEKg4IACoGCAowwM8TMNDBAjD2nKUG?hl=en-US&gl=US&ceid=US%3Aen"
"US extends sanctions waiver allowing Iraq to import Iran gas","https://news.google.com/articles/CBMicmh0dHBzOi8vd3d3LmFsamF6ZWVyYS5jb20vbmV3cy8yMDIwLzA0L2V4dGVuZHMtc2FuY3Rpb25zLXdhaXZlci1hbGxvd2luZy1pcmFxLWltcG9ydC1pcmFuLWdhcy0yMDA0MjgxOTA4NDg4NzIuaHRtbNIBdmh0dHBzOi8vd3d3LmFsamF6ZWVyYS5jb20vYW1wL25ld3MvMjAyMC8wNC9leHRlbmRzLXNhbmN0aW9ucy13YWl2ZXItYWxsb3dpbmctaXJhcS1pbXBvcnQtaXJhbi1nYXMtMjAwNDI4MTkwODQ4ODcyLmh0bWw?hl=en-US&gl=US&ceid=US%3Aen"
"Iran gunboats: Why Iran is attacking and harassing US forces during the pandemic","https://news.google.com/articles/CAIiEJnQxGWRm4CR8lehuD2TkbMqGAgEKg8IACoHCAowlOzSATCaiDUwtaKsBQ?hl=en-US&gl=US&ceid=US%3Aen"
"Iran linked with Stramaccioni for national soccer coach - Xinhua | English.news.cn","https://news.google.com/articles/CBMiO2h0dHA6Ly93d3cueGluaHVhbmV0LmNvbS9lbmdsaXNoLzIwMjAtMDQvMzAvY18xMzkwMjAwNzAuaHRt0gEA?hl=en-US&gl=US&ceid=US%3Aen"
"Iran death toll from coronavirus rises by 71 to 6,028 - Health Ministry","https://news.google.com/articles/CBMiT2h0dHBzOi8vZmluYW5jZS55YWhvby5jb20vbmV3cy9pcmFuLWRlYXRoLXRvbGwtY29yb25hdmlydXMtcmlzZXMtMDk0ODE1NDY1Lmh0bWzSAVdodHRwczovL2ZpbmFuY2UueWFob28uY29tL2FtcGh0bWwvbmV3cy9pcmFuLWRlYXRoLXRvbGwtY29yb25hdmlydXMtcmlzZXMtMDk0ODE1NDY1Lmh0bWw?hl=en-US&gl=US&ceid=US%3Aen"
"Iran promises 'to crush' US forces if ships attacked in Gulf","https://news.google.com/articles/CAIiEOIClWPYnRYB5jpdvfyLRy4qFAgEKgwIACoFCAowhgIwkDgw0O8B?hl=en-US&gl=US&ceid=US%3Aen"
"Iran dissidents say regime should get ‘not even a penny’ of IMF coronavirus aid, backing US stance","https://news.google.com/articles/CBMiUmh0dHBzOi8vd3d3LmZveG5ld3MuY29tL3BvbGl0aWNzL2lyYW4tZGlzc2lkZW50cy1pbWYtY29yb25hdmlydXMtYmFja2luZy11cy1zdGFuY2XSAVZodHRwczovL3d3dy5mb3huZXdzLmNvbS9wb2xpdGljcy9pcmFuLWRpc3NpZGVudHMtaW1mLWNvcm9uYXZpcnVzLWJhY2tpbmctdXMtc3RhbmNlLmFtcA?hl=en-US&gl=US&ceid=US%3Aen"
"Iranian scientist in US jail contracts coronavirus after pleading for release","https://news.google.com/articles/CAIiEBIq89GSe5H0jR0oI2yZeCcqFwgEKg4IACoGCAowl6p7MN-zCTDZ4PsF?hl=en-US&gl=US&ceid=US%3Aen"
"Venezuela’s new oil minister — a wanted man with suspected Iran links","https://news.google.com/articles/CAIiENGQYM3PTjVDad1RFDP7FgoqGAgEKg8IACoHCAow-4fWBzD4z0gw_fCpBg?hl=en-US&gl=US&ceid=US%3Aen"
"Israel Says It 'Will Not Stop' Attacking Iran in Syria, Escalates Military Campaign","https://news.google.com/articles/CAIiEJ84hayGKhL38700JIjz70gqGQgEKhAIACoHCAow77zbCjDiq8wBMMiCsgU?hl=en-US&gl=US&ceid=US%3Aen"
"5 things to know for April 30: Coronavirus, remdesivir, economy, White House, Iran","https://news.google.com/articles/CAIiECcsGHPFqvuKgwrYThrwXqYqGQgEKhAIACoHCAowocv1CjCSptoCMPrTpgU?hl=en-US&gl=US&ceid=US%3Aen"
"A Trump war on Iran or its proxies could swing the election for him","https://news.google.com/articles/CAIiEGxv2XJ2N9OyQsT96vY1RigqMwgEKioIACIQS52q9epExuwOlK1nIY7gIyoUCAoiEEudqvXqRMbsDpStZyGO4CMwsL7FBg?hl=en-US&gl=US&ceid=US%3Aen"
"Coronavirus: Iran and the US trade blame over sanctions","https://news.google.com/articles/CBMiM2h0dHBzOi8vd3d3LmJiYy5jb20vbmV3cy93b3JsZC1taWRkbGUtZWFzdC01MjIxODY1NtIBN2h0dHBzOi8vd3d3LmJiYy5jb20vbmV3cy9hbXAvd29ybGQtbWlkZGxlLWVhc3QtNTIyMTg2NTY?hl=en-US&gl=US&ceid=US%3Aen"
"A rift emerges among pro-Iranian militias in Iraq","https://news.google.com/articles/CAIiEGbnhgrV4xt1hIs-wJoNuu0qGAgEKg8IACoHCAowr9eeCTDYlm4whdicAQ?hl=en-US&gl=US&ceid=US%3Aen"
"Iran-US tensions rise on Trump threat, Iran satellite launch","https://news.google.com/articles/CBMiZWh0dHBzOi8vYWJjbmV3cy5nby5jb20vUG9saXRpY3Mvd2lyZVN0b3J5L3RydW1wLXR3ZWV0cy1vcmRlcmVkLW5hdnktZGVzdHJveS1pcmFuaWFuLWd1bmJvYXRzLTcwMjg0NTE20gFpaHR0cHM6Ly9hYmNuZXdzLmdvLmNvbS9hbXAvUG9saXRpY3Mvd2lyZVN0b3J5L3RydW1wLXR3ZWV0cy1vcmRlcmVkLW5hdnktZGVzdHJveS1pcmFuaWFuLWd1bmJvYXRzLTcwMjg0NTE2?hl=en-US&gl=US&ceid=US%3Aen"
"Why do Democrats want to save Iran's theocracy? | TheHill","https://news.google.com/articles/CBMiXmh0dHBzOi8vdGhlaGlsbC5jb20vb3Bpbmlvbi9pbnRlcm5hdGlvbmFsLzQ5MzgwNC13aHktZG8tZGVtb2NyYXRzLXdhbnQtdG8tc2F2ZS1pcmFucy10aGVvY3JhY3nSAWJodHRwczovL3RoZWhpbGwuY29tL29waW5pb24vaW50ZXJuYXRpb25hbC80OTM4MDQtd2h5LWRvLWRlbW9jcmF0cy13YW50LXRvLXNhdmUtaXJhbnMtdGhlb2NyYWN5P2FtcA?hl=en-US&gl=US&ceid=US%3Aen"
"New, Renovated Wagons Join Iran's Rail Fleet","https://news.google.com/articles/CBMiaWh0dHBzOi8vZmluYW5jaWFsdHJpYnVuZS5jb20vYXJ0aWNsZXMvZG9tZXN0aWMtZWNvbm9teS8xMDMxMDQvbmV3LXJlbm92YXRlZC13YWdvbnMtam9pbi1pcmFuLXMtcmFpbC1mbGVldNIBAA?hl=en-US&gl=US&ceid=US%3Aen"
"Pompeo warns Iran's space program is 'dangerous'","https://news.google.com/articles/CBMiSmh0dHBzOi8vd3d3LmZveG5ld3MuY29tL3BvbGl0aWNzL3BvbXBlby13YXJucy1pcmFuLXNwYWNlLXByb2dyYW0tZGFuZ2Vyb3Vz0gFOaHR0cHM6Ly93d3cuZm94bmV3cy5jb20vcG9saXRpY3MvcG9tcGVvLXdhcm5zLWlyYW4tc3BhY2UtcHJvZ3JhbS1kYW5nZXJvdXMuYW1w?hl=en-US&gl=US&ceid=US%3Aen"
"Iran Offers Shares of Loss-Making Banks At Stock Market To Raise Money","https://news.google.com/articles/CAIiEHYSuylekcHNgKOduBUas_oqGQgEKhAIACoHCAow77mTCzDk9qgDMIuoyQY?hl=en-US&gl=US&ceid=US%3Aen"
"Qatar sends virus aid to Iran, Algeria","https://news.google.com/articles/CBMiTWh0dHBzOi8vd3d3LmFhLmNvbS50ci9lbi9hZnJpY2EvcWF0YXItc2VuZHMtdmlydXMtYWlkLXRvLWlyYW4tYWxnZXJpYS8xODIyMzI50gEA?hl=en-US&gl=US&ceid=US%3Aen"
"Iran: Special Customs Credit for Essential Goods Importers","https://news.google.com/articles/CBMid2h0dHBzOi8vZmluYW5jaWFsdHJpYnVuZS5jb20vYXJ0aWNsZXMvZG9tZXN0aWMtZWNvbm9teS8xMDMxMDIvaXJhbi1zcGVjaWFsLWN1c3RvbXMtY3JlZGl0LWZvci1lc3NlbnRpYWwtZ29vZHMtaW1wb3J0ZXJz0gEA?hl=en-US&gl=US&ceid=US%3Aen"
"Iranian vessels come 'dangerously' close to US military ships","https://news.google.com/articles/CAIiECqErxk0GBNEOViTEbyUYUcqFAgEKgwIACoFCAowhgIwkDgw0O8B?hl=en-US&gl=US&ceid=US%3Aen"
"U.S., Israel Hail German Move Banning Iran-Backed Hizballah","https://news.google.com/articles/CBMiTWh0dHBzOi8vd3d3LnJmZXJsLm9yZy9hL2lyYW4tYmFja2VkLWhpemJhbGxhaC1iYW5uZWQtaW4tZ2VybWFueS8zMDU4NDcyNS5odG1s0gFPaHR0cHM6Ly93d3cucmZlcmwub3JnL2FtcC9pcmFuLWJhY2tlZC1oaXpiYWxsYWgtYmFubmVkLWluLWdlcm1hbnkvMzA1ODQ3MjUuaHRtbA?hl=en-US&gl=US&ceid=US%3Aen"
"The Evin Diaries: Fear and fights inside Iran's most notorious jail","https://news.google.com/articles/CBMicmh0dHBzOi8vd3d3LnRoZW5hdGlvbmFsLmFlL3dvcmxkL21lbmEvdGhlLWV2aW4tZGlhcmllcy1mZWFyLWFuZC1maWdodHMtaW5zaWRlLWlyYW4tcy1tb3N0LW5vdG9yaW91cy1qYWlsLTEuMTAxMzEwN9IBcmh0dHBzOi8vYW1wLnRoZW5hdGlvbmFsLmFlL3dvcmxkL21lbmEvdGhlLWV2aW4tZGlhcmllcy1mZWFyLWFuZC1maWdodHMtaW5zaWRlLWlyYW4tcy1tb3N0LW5vdG9yaW91cy1qYWlsLTEuMTAxMzEwNw?hl=en-US&gl=US&ceid=US%3Aen"
"Why has the coronavirus hit Iran so hard?","https://news.google.com/articles/CBMiY2h0dHBzOi8vd3d3LmFsamF6ZWVyYS5jb20vcHJvZ3JhbW1lcy91cGZyb250LzIwMjAvMDQvY29yb25hdmlydXMtaGl0LWlyYW4taGFyZC0yMDA0MDMwNDIzMjkxODEuaHRtbNIBAA?hl=en-US&gl=US&ceid=US%3Aen"
"Iran Arrests Editor, Journalist Over Cartoon Mocking Khamenei","https://news.google.com/articles/CAIiENjooMlzk74_9Z8TQWDqRwIqGQgEKhAIACoHCAow77mTCzDk9qgDMIuoyQY?hl=en-US&gl=US&ceid=US%3Aen"
"EU foreign policy chief chides U.S. for blocking Iran loan","https://news.google.com/articles/CBMiaGh0dHBzOi8vd3d3LnBvbGl0aWNvLmNvbS9uZXdzLzIwMjAvMDQvMjIvZXUtZm9yZWlnbi1wb2xpY3ktY2hpZWYtY2hpZGVzLXVzLWZvci1ibG9ja2luZy1pcmFuLWxvYW4tMjAxNzI00gFsaHR0cHM6Ly93d3cucG9saXRpY28uY29tL2FtcC9uZXdzLzIwMjAvMDQvMjIvZXUtZm9yZWlnbi1wb2xpY3ktY2hpZWYtY2hpZGVzLXVzLWZvci1ibG9ja2luZy1pcmFuLWxvYW4tMjAxNzI0?hl=en-US&gl=US&ceid=US%3Aen"
"Iran, Devastated by Coronavirus, Says U.S. Sanctions Are Taking Lives","https://news.google.com/articles/CAIiENyOxxH4YiL80fmaxJpqRrkqGAgEKg8IACoHCAow3rvTBDD89X4wyN7OBg?hl=en-US&gl=US&ceid=US%3Aen"
"Coronavirus death toll in Iran exceeds 6,000","https://news.google.com/articles/CBMiJWh0dHBzOi8vZW4udHJlbmQuYXovaXJhbi8zMjMyMTIyLmh0bWzSAQA?hl=en-US&gl=US&ceid=US%3Aen"
"With apparently fabricated nuclear documents, Netanyahu pushed the US towards war with Iran","https://news.google.com/articles/CBMiU2h0dHBzOi8vdGhlZ3JheXpvbmUuY29tLzIwMjAvMDQvMjkvZmFicmljYXRlZC1udWNsZWFyLWRvY3VtZW50cy1uZXRhbnlhaHUtd2FyLWlyYW4v0gFXaHR0cHM6Ly90aGVncmF5em9uZS5jb20vMjAyMC8wNC8yOS9mYWJyaWNhdGVkLW51Y2xlYXItZG9jdW1lbnRzLW5ldGFueWFodS13YXItaXJhbi9hbXAv?hl=en-US&gl=US&ceid=US%3Aen"
"Presidents of Turkmenistan, Iran discuss Covid-19 related issues","https://news.google.com/articles/CBMiYmh0dHBzOi8vYWtpcHJlc3MuY29tL25ld3M6NjQwNTk4OlByZXNpZGVudHNfb2ZfVHVya21lbmlzdGFuLF9JcmFuX2Rpc2N1c3NfQ292aWQtMTlfcmVsYXRlZF9pc3N1ZXMv0gEA?hl=en-US&gl=US&ceid=US%3Aen"
"Iran's leading artist Parviz Tanavoli makes nightingale medallions to help hospitals in his native country","https://news.google.com/articles/CBMidWh0dHA6Ly93d3cudGhlYXJ0bmV3c3BhcGVyLmNvbS9uZXdzL3BhcnZpei10YW5hdm9saS1tYWtlcy1uaWdodGluZ2FsZS1tZWRhbGxpb25zLXRvLWhlbHAtaG9zcGl0YWxzLWluLWhpcy1uYXRpdmUtb3JhbtIBeWh0dHA6Ly93d3cudGhlYXJ0bmV3c3BhcGVyLmNvbS9hbXAvbmV3cy9wYXJ2aXotdGFuYXZvbGktbWFrZXMtbmlnaHRpbmdhbGUtbWVkYWxsaW9ucy10by1oZWxwLWhvc3BpdGFscy1pbi1oaXMtbmF0aXZlLW9yYW4?hl=en-US&gl=US&ceid=US%3Aen"
"How has coronavirus changed the Iranian threat to Israel?","https://news.google.com/articles/CAIiEHsZMLYbWIm5Z6NN494nCNEqGAgEKg8IACoHCAowr9eeCTDYlm4w1s6cAQ?hl=en-US&gl=US&ceid=US%3Aen"
"Coronavirus: Iran's female singers familiar with restrictive measures","https://news.google.com/articles/CAIiEAZbNzTSVgN2ltJa0jUmMpkqFwgEKg8IACoHCAoww5LyAzD2zh0wlq1V?hl=en-US&gl=US&ceid=US%3Aen"
"Former Peshmerga member shares her harrowing battle against brutal Iran regime","https://news.google.com/articles/CBMigAFodHRwczovL3d3dy5leHByZXNzLmNvLnVrL25ld3Mvd29ybGQvMTI3NTY3Ny9JcmFuLW5ld3MtUGVzaG1lcmdhLUt1cmRpc3Rhbi1EaWFuYS1OYW1taS1TaGFoLWRlbW9jcmFjeS1mcmVlZG9tLUF5YXRvbGxhaC1LaG9tZWluadIBhAFodHRwczovL3d3dy5leHByZXNzLmNvLnVrL25ld3Mvd29ybGQvMTI3NTY3Ny9JcmFuLW5ld3MtUGVzaG1lcmdhLUt1cmRpc3Rhbi1EaWFuYS1OYW1taS1TaGFoLWRlbW9jcmFjeS1mcmVlZG9tLUF5YXRvbGxhaC1LaG9tZWluaS9hbXA?hl=en-US&gl=US&ceid=US%3Aen"
"Iran warns US Navy over Gulf incident","https://news.google.com/articles/CBMiM2h0dHBzOi8vd3d3LmJiYy5jb20vbmV3cy93b3JsZC1taWRkbGUtZWFzdC01MjM0ODA5OdIBN2h0dHBzOi8vd3d3LmJiYy5jb20vbmV3cy9hbXAvd29ybGQtbWlkZGxlLWVhc3QtNTIzNDgwOTk?hl=en-US&gl=US&ceid=US%3Aen"
"Appearing to confirm Syria airstrike, Bennett says IDF will keep fighting Iran","https://news.google.com/articles/CBMibGh0dHBzOi8vd3d3LnRpbWVzb2Zpc3JhZWwuY29tL2FwcGVhcmluZy10by1jb25maXJtLXN5cmlhLWFpcnN0cmlrZS1iZW5uZXR0LXNheXMtaWRmLXdpbGwta2VlcC1maWdodGluZy1pcmFuL9IBAA?hl=en-US&gl=US&ceid=US%3Aen"
"Why Iran’s coronavirus pandemic is also a crisis of human rights","https://news.google.com/articles/CAIiEBwqgr4QAA9GoPFlWepUC4MqGAgEKg8IACoHCAowjtSUCjC30XQw_qe5AQ?hl=en-US&gl=US&ceid=US%3Aen"
"'Maximum pressure' on Iran amid coronavirus could backfire for Trump","https://news.google.com/articles/CAIiEM1x3k-ofO65j5MUIsGXvJwqGQgEKhAIACoHCAowocv1CjCSptoCMPrTpgU?hl=en-US&gl=US&ceid=US%3Aen"
"Iraq Resists Iranian Pressure to Reopen Border Closed to Slow Covid-19","https://news.google.com/articles/CAIiEBvI7CXmysEQrMd9W1qEp-EqFwgEKg8IACoHCAowjuuKAzCWrzww5oEY?hl=en-US&gl=US&ceid=US%3Aen"
"Turkey says hits peak of COVID-19 outbreak as Iran continues to witness slowdown in epidemic - Xinhua | English.news.cn","https://news.google.com/articles/CBMiO2h0dHA6Ly93d3cueGluaHVhbmV0LmNvbS9lbmdsaXNoLzIwMjAtMDQvMzAvY18xMzkwMTkyMDMuaHRt0gEA?hl=en-US&gl=US&ceid=US%3Aen"
"Iran's virus response: Gov't weighs its options","https://news.google.com/articles/CBMiZGh0dHBzOi8vd3d3LmFsamF6ZWVyYS5jb20vbmV3cy8yMDIwLzA0L2lyYW5zLXZpcnVzLXJlc3BvbnNlLWdvdnQtd2VpZ2hzLW9wdGlvbnMtMjAwNDExMTQwODAyNDYyLmh0bWzSAWhodHRwczovL3d3dy5hbGphemVlcmEuY29tL2FtcC9uZXdzLzIwMjAvMDQvaXJhbnMtdmlydXMtcmVzcG9uc2UtZ292dC13ZWlnaHMtb3B0aW9ucy0yMDA0MTExNDA4MDI0NjIuaHRtbA?hl=en-US&gl=US&ceid=US%3Aen"
"Jailed Huawei Workers Raised a Forbidden Subject: Iran","https://news.google.com/articles/CAIiECNO4ER356cFN2qTNmfKQcUqFwgEKg8IACoHCAowjuuKAzCWrzwwt4QY?hl=en-US&gl=US&ceid=US%3Aen"
"Iran's Nurses Are Martyrs to Trump's Maximum Pressure","https://news.google.com/articles/CAIiEDRlssAVjg_9plr_UZfROZAqGQgEKhAIACoHCAow0sSICzDyn4cDMLmInAY?hl=en-US&gl=US&ceid=US%3Aen"
"Iran's Hard-Liners Are Sitting Pretty","https://news.google.com/articles/CAIiENMmP0gL-pWV4QD82PCUsloqFwgEKg4IACoGCAowwM8TMNDBAjDS2LQG?hl=en-US&gl=US&ceid=US%3Aen"
"Deputy head of President’s Office, Canadian ambassador discuss plane crash in Iran, investment and visa-free t","https://news.google.com/articles/CBMipgFodHRwczovL3d3dy51a3JpbmZvcm0ubmV0L3J1YnJpYy1wb2x5dGljcy8zMDE2MjgyLWRlcHV0eS1oZWFkLW9mLXByZXNpZGVudHMtb2ZmaWNlLWNhbmFkaWFuLWFtYmFzc2Fkb3ItZGlzY3Vzcy1wbGFuZS1jcmFzaC1pbi1pcmFuLWludmVzdG1lbnQtYW5kLXZpc2FmcmVlLXRyYXZlbC5odG1s0gGqAWh0dHBzOi8vd3d3LnVrcmluZm9ybS5uZXQvYW1wL3J1YnJpYy1wb2x5dGljcy8zMDE2MjgyLWRlcHV0eS1oZWFkLW9mLXByZXNpZGVudHMtb2ZmaWNlLWNhbmFkaWFuLWFtYmFzc2Fkb3ItZGlzY3Vzcy1wbGFuZS1jcmFzaC1pbi1pcmFuLWludmVzdG1lbnQtYW5kLXZpc2FmcmVlLXRyYXZlbC5odG1s?hl=en-US&gl=US&ceid=US%3Aen"
"Trump tweets that he's instructed the Navy to 'destroy' any Iranian gunboats that harass US warships","https://news.google.com/articles/CBMilwFodHRwczovL3d3dy5taWxpdGFyeXRpbWVzLmNvbS9mbGFzaHBvaW50cy8yMDIwLzA0LzIyL3RydW1wLXR3ZWV0cy10aGF0LWhlcy1pbnN0cnVjdGVkLXRoZS1uYXZ5LXRvLWRlc3Ryb3ktYW55LWlyYW5pYW4tZ3VuYm9hdHMtdGhhdC1oYXJhc3MtdXMtd2Fyc2hpcHMv0gEA?hl=en-US&gl=US&ceid=US%3Aen"
"Iran hits back after Trump claims it is planning Iraq attacks","https://news.google.com/articles/CAIiEMumPdv6TcrCot0xvrzJySMqFwgEKg4IACoGCAowl6p7MN-zCTDZ4PsF?hl=en-US&gl=US&ceid=US%3Aen"
"Pompeo: U.S. will not let Iran buy weapons once ban expires","https://news.google.com/articles/CAIiEF3kporkyAZtIe-NICtHc6MqGAgEKg8IACoHCAowyrnjAjC42xsw6e6dBg?hl=en-US&gl=US&ceid=US%3Aen"
"The Evin Diaries: Prisoner reveals chaos over Iran’s Covid-19 response","https://news.google.com/articles/CBMidWh0dHBzOi8vd3d3LnRoZW5hdGlvbmFsLmFlL3dvcmxkL21lbmEvdGhlLWV2aW4tZGlhcmllcy1wcmlzb25lci1yZXZlYWxzLWNoYW9zLW92ZXItaXJhbi1zLWNvdmlkLTE5LXJlc3BvbnNlLTEuMTAxMzEwNdIBdWh0dHBzOi8vYW1wLnRoZW5hdGlvbmFsLmFlL3dvcmxkL21lbmEvdGhlLWV2aW4tZGlhcmllcy1wcmlzb25lci1yZXZlYWxzLWNoYW9zLW92ZXItaXJhbi1zLWNvdmlkLTE5LXJlc3BvbnNlLTEuMTAxMzEwNQ?hl=en-US&gl=US&ceid=US%3Aen"
"Coronavirus: Iran's official death toll passes 3,000","https://news.google.com/articles/CBMiM2h0dHBzOi8vd3d3LmJiYy5jb20vbmV3cy93b3JsZC1taWRkbGUtZWFzdC01MjExODgwOdIBN2h0dHBzOi8vd3d3LmJiYy5jb20vbmV3cy9hbXAvd29ybGQtbWlkZGxlLWVhc3QtNTIxMTg4MDk?hl=en-US&gl=US&ceid=US%3Aen"
"Israeli citizen indicted for 'spying' for Iran is identified","https://news.google.com/articles/CAIiEJUFY8OLp6g6BWMAUpzfKYMqFAgEKgwIACoFCAowhgIwkDgw0O8B?hl=en-US&gl=US&ceid=US%3Aen"
"COVID-19: Iran's government 'didn't botch the response'","https://news.google.com/articles/CBMidmh0dHBzOi8vd3d3LmFsamF6ZWVyYS5jb20vcHJvZ3JhbW1lcy91cGZyb250LzIwMjAvMDQvY292aWQtMTktaXJhbi1nb3Zlcm5tZW50LWRpZG4tYm90Y2gtcmVzcG9uc2UtMjAwNDAzMDc1NTM4MjE0Lmh0bWzSAQA?hl=en-US&gl=US&ceid=US%3Aen"
"Work in Progress at Third Iran-Armenia Power Transmission Line","https://news.google.com/articles/CBMicmh0dHBzOi8vZmluYW5jaWFsdHJpYnVuZS5jb20vYXJ0aWNsZXMvZW5lcmd5LzEwMzA5NS93b3JrLWluLXByb2dyZXNzLWF0LXRoaXJkLWlyYW4tYXJtZW5pYS1wb3dlci10cmFuc21pc3Npb24tbGluZdIBAA?hl=en-US&gl=US&ceid=US%3Aen"
"Iran Guards General Says Trump Planned To Attack Khamenei's Residence","https://news.google.com/articles/CAIiEOuqsV5yy-4Y7xliGtERWdkqGQgEKhAIACoHCAow77mTCzDk9qgDMJP8vwY?hl=en-US&gl=US&ceid=US%3Aen"
"Venezuela receives material from Iran to help restart refinery -official","https://news.google.com/articles/CBMiiwFodHRwczovL3d3dy5yZXV0ZXJzLmNvbS9hcnRpY2xlL3VzLXZlbmV6dWVsYS1vaWwtaXJhbi92ZW5lenVlbGEtcmVjZWl2ZXMtbWF0ZXJpYWwtZnJvbS1pcmFuLXRvLWhlbHAtcmVzdGFydC1yZWZpbmVyeS1vZmZpY2lhbC1pZFVTS0NOMjI1M0ZY0gE0aHR0cHM6Ly9tb2JpbGUucmV1dGVycy5jb20vYXJ0aWNsZS9hbXAvaWRVU0tDTjIyNTNGWA?hl=en-US&gl=US&ceid=US%3Aen"
"Iran reopens shops, highways amid the coronavirus pandemic","https://news.google.com/articles/CAIiEH9a2_9jRlAyCeM0dXBF62EqFAgEKgwIACoFCAowhgIwkDgw0O8B?hl=en-US&gl=US&ceid=US%3Aen"
"Swedish-Iranian researcher in disaster medicine still in prison in Iran","https://news.google.com/articles/CBMihQFodHRwczovL3d3dy5icnVzc2Vsc3RpbWVzLmNvbS9hbGwtbmV3cy93b3JsZC1hbGwtbmV3cy8xMDgyMTgvc3ZlZGlzaC1pcmFuaWFuLXJlc2VhcmNoZXItaW4tZGlzYXN0ZXItbWVkaWNpbmUtc3RpbGwtaW4tcHJpc29uLWluLWlyYW4v0gEA?hl=en-US&gl=US&ceid=US%3Aen"
"Iran's Guard Acknowledges Encounter with US During Drill","https://news.google.com/articles/CAIiEBKnock58TfME1fiYvwSAaQqGAgEKg8IACoHCAowqc_1ATCe_xQwo5u1Bg?hl=en-US&gl=US&ceid=US%3Aen"
"Fotros: Iran Has Killer Drones That Can Loiter over a Battlefield for a Day","https://news.google.com/articles/CAIiECJ8EHks_wvuerh-UYwYSAcqGQgEKhAIACoHCAowpumVCzCZjK0DMJztxwY?hl=en-US&gl=US&ceid=US%3Aen"
"Iran to Hit US Bases in Case of Threat to Its National Security, Official Warns","https://news.google.com/articles/CBMihAFodHRwczovL3d3dy50YXNuaW1uZXdzLmNvbS9lbi9uZXdzLzIwMjAvMDQvMzAvMjI1NDIzMS9pcmFuLXRvLWhpdC11cy1iYXNlcy1pbi1jYXNlLW9mLXRocmVhdC10by1pdHMtbmF0aW9uYWwtc2VjdXJpdHktb2ZmaWNpYWwtd2FybnPSAYgBaHR0cHM6Ly93d3cudGFzbmltbmV3cy5jb20vZW4vbmV3cy8yMDIwLzA0LzMwLzIyNTQyMzEvaXJhbi10by1oaXQtdXMtYmFzZXMtaW4tY2FzZS1vZi10aHJlYXQtdG8taXRzLW5hdGlvbmFsLXNlY3VyaXR5LW9mZmljaWFsLXdhcm5zL2FtcA?hl=en-US&gl=US&ceid=US%3Aen"
"Iran's regional proxy machine has been derailed, says expert","https://news.google.com/articles/CAIiEPMUxKbaFWQ7V0ybZMef8IkqGAgEKg8IACoHCAowuImhCTDYnnEwtP-NAw?hl=en-US&gl=US&ceid=US%3Aen"
"Trump Tells Navy to Destroy Any Iranian Gunboat Harassing It","https://news.google.com/articles/CAIiEKUqnwWEWHIVVFIS1DeMSSAqGQgEKhAIACoHCAow4uzwCjCF3bsCMIrOrwM?hl=en-US&gl=US&ceid=US%3Aen"
"U.S. believes Iran was 'directly involved' in killing of Iranian dissident in Turkey","https://news.google.com/articles/CBMimgFodHRwczovL3d3dy5yZXV0ZXJzLmNvbS9hcnRpY2xlL3VzLXR1cmtleS1pcmFuLWtpbGxpbmctdXNhL3Utcy1iZWxpZXZlcy1pcmFuLXdhcy1kaXJlY3RseS1pbnZvbHZlZC1pbi1raWxsaW5nLW9mLWlyYW5pYW4tZGlzc2lkZW50LWluLXR1cmtleS1pZFVTS0JOMjFLMDI30gE0aHR0cHM6Ly9tb2JpbGUucmV1dGVycy5jb20vYXJ0aWNsZS9hbXAvaWRVU0tCTjIxSzAyNw?hl=en-US&gl=US&ceid=US%3Aen"
"US ready to block Iran's requests for coronavirus aid from the IMF, officials say","https://news.google.com/articles/CAIiENhx6wW98FrkTAwnpVeHisMqGQgEKhAIACoHCAowocv1CjCSptoCMPrTpgU?hl=en-US&gl=US&ceid=US%3Aen"
"Coronavirus: Are the bodies of victims undermining Iran's official figures?","https://news.google.com/articles/CBMiRmh0dHBzOi8vd3d3LmJiYy5jb20vbmV3cy93b3JsZC1taWRkbGUtZWFzdC01MjIyMzE5Mz9pbnRsaW5rX2Zyb21fdXJsPSbSATdodHRwczovL3d3dy5iYmMuY29tL25ld3MvYW1wL3dvcmxkLW1pZGRsZS1lYXN0LTUyMjIzMTkz?hl=en-US&gl=US&ceid=US%3Aen"
"Iranian Instagram star contracts coronavirus in prison | Iran News","https://news.google.com/articles/CAIiECde1zhwl4FZhaOiWpbBgWIqFAgEKgwIACoFCAowhgIwkDgw0O8B?hl=en-US&gl=US&ceid=US%3Aen"
"COVID-19 Cases, Hospital Admissions Dwindling in Iran: President","https://news.google.com/articles/CBMidGh0dHBzOi8vd3d3LnRhc25pbW5ld3MuY29tL2VuL25ld3MvMjAyMC8wNC8zMC8yMjU0MzAwL2NvdmlkLTE5LWNhc2VzLWhvc3BpdGFsLWFkbWlzc2lvbnMtZHdpbmRsaW5nLWluLWlyYW4tcHJlc2lkZW500gF4aHR0cHM6Ly93d3cudGFzbmltbmV3cy5jb20vZW4vbmV3cy8yMDIwLzA0LzMwLzIyNTQzMDAvY292aWQtMTktY2FzZXMtaG9zcGl0YWwtYWRtaXNzaW9ucy1kd2luZGxpbmctaW4taXJhbi1wcmVzaWRlbnQvYW1w?hl=en-US&gl=US&ceid=US%3Aen"
"Iran extends Nazanin Zaghari-Ratcliffe's prison release by month","https://news.google.com/articles/CAIiEGl_dIJXRmaXUakDgtgMquAqFwgEKg4IACoGCAowl6p7MN-zCTDZ4PsF?hl=en-US&gl=US&ceid=US%3Aen"
"How a historic SAS mission ended the Iran embassy siege 40 years ago","https://news.google.com/articles/CBMieWh0dHBzOi8vd3d3LmluZGVwZW5kZW50LmNvLnVrL2luZGVwZW5kZW50cHJlbWl1bS93b3JsZC9pcmFuLWVtYmFzc3ktc2llZ2UtYW5uaXZlcnNhcnktbG9uZG9uLXNhcy1rZW5zaW5ndG9uLWE5NDg5ODg2Lmh0bWzSAQA?hl=en-US&gl=US&ceid=US%3Aen"
"Two Iranian Border Crossings Resume Trade With Iraqi Kurdistan","https://news.google.com/articles/CBMifGh0dHBzOi8vZmluYW5jaWFsdHJpYnVuZS5jb20vYXJ0aWNsZXMvZG9tZXN0aWMtZWNvbm9teS8xMDMxMDEvdHdvLWlyYW5pYW4tYm9yZGVyLWNyb3NzaW5ncy1yZXN1bWUtdHJhZGUtd2l0aC1pcmFxaS1rdXJkaXN0YW7SAQA?hl=en-US&gl=US&ceid=US%3Aen"
"Is Iran on the brink of a coronavirus coup? | TheHill","https://news.google.com/articles/CBMiW2h0dHBzOi8vdGhlaGlsbC5jb20vb3Bpbmlvbi9pbnRlcm5hdGlvbmFsLzQ5MTk1Mi1pcy1pcmFuLW9uLXRoZS1icmluay1vZi1hLWNvcm9uYXZpcnVzLWNvdXDSAV9odHRwczovL3RoZWhpbGwuY29tL29waW5pb24vaW50ZXJuYXRpb25hbC80OTE5NTItaXMtaXJhbi1vbi10aGUtYnJpbmstb2YtYS1jb3JvbmF2aXJ1cy1jb3VwP2FtcA?hl=en-US&gl=US&ceid=US%3Aen"
"Iran vs US: Tehran ramps up its defences with groundbreaking new system","https://news.google.com/articles/CBMicGh0dHBzOi8vd3d3LmV4cHJlc3MuY28udWsvbmV3cy93b3JsZC8xMjcxNTk0L0lyYW4tbmV3cy1yYWRhci1zeXN0ZW0tUGVyc2lhbi1ndWxmLXdvcmxkLXdhci0zLXVzLW5ld3MtbWlkZGxlLWVhc3TSAXRodHRwczovL3d3dy5leHByZXNzLmNvLnVrL25ld3Mvd29ybGQvMTI3MTU5NC9JcmFuLW5ld3MtcmFkYXItc3lzdGVtLVBlcnNpYW4tZ3VsZi13b3JsZC13YXItMy11cy1uZXdzLW1pZGRsZS1lYXN0L2FtcA?hl=en-US&gl=US&ceid=US%3Aen"
"Elections, ties with China shaped Iran's coronavirus response","https://news.google.com/articles/CAIiEKmwg1VpcIbe0M9mAAxz2DMqFQgEKg0IACoGCAowt6AMMLAmMJSCDg?hl=en-US&gl=US&ceid=US%3Aen"
"Stramaccioni to Iran ruled out","https://news.google.com/articles/CBMiQmh0dHBzOi8vd3d3LmZvb3RiYWxsLWl0YWxpYS5uZXQvMTUyNjg1L3N0cmFtYWNjaW9uaS1pcmFuLXJ1bGVkLW91dNIBAA?hl=en-US&gl=US&ceid=US%3Aen"
"Troops to receive Purple Hearts for injuries during Iranian missile barrage on al-Asad airbase in Iraq","https://news.google.com/articles/CBMiowFodHRwczovL3d3dy5taWxpdGFyeXRpbWVzLmNvbS9uZXdzL3lvdXItbWlsaXRhcnkvMjAyMC8wNC8yOC90cm9vcHMtdG8tcmVjZWl2ZS1wdXJwbGUtaGVhcnRzLWZvci1pbmp1cmllcy1kdXJpbmctaXJhbmlhbi1taXNzaWxlLWJhcnJhZ2Utb24tYWwtYXNhZC1haXJiYXNlLWluLWlyYXEv0gEA?hl=en-US&gl=US&ceid=US%3Aen"
"Iran's regional ambitions are not going anywhere","https://news.google.com/articles/CBMiXWh0dHBzOi8vYXRsYW50aWNjb3VuY2lsLm9yZy9ibG9ncy9pcmFuc291cmNlL2lyYW5zLXJlZ2lvbmFsLWFtYml0aW9ucy1hcmUtbm90LWdvaW5nLWFueXdoZXJlL9IBAA?hl=en-US&gl=US&ceid=US%3Aen"
"Sanctions are crippling Iran's fight against coronavirus","https://news.google.com/articles/CAIiEFmFbuKxIqndbQACJkMJnXMqFggEKg4IACoGCAowl6p7MN-zCTDMwRU?hl=en-US&gl=US&ceid=US%3Aen"
"Iran: Prisoners killed by security forces during COVID-19 pandemic protests","https://news.google.com/articles/CBMieWh0dHBzOi8vd3d3LmFtbmVzdHkub3JnL2VuL2xhdGVzdC9uZXdzLzIwMjAvMDQvaXJhbi1wcmlzb25lcnMta2lsbGVkLWJ5LXNlY3VyaXR5LWZvcmNlcy1kdXJpbmctY292aWQxOS1wYW5kZW1pYy1wcm90ZXN0cy_SAQA?hl=en-US&gl=US&ceid=US%3Aen"
"Exclusive: Hackers linked to Iran target WHO staff emails during coronavirus - sources","https://news.google.com/articles/CAIiEFhxbkATa3Q9jtOxJbttc2YqFQgEKg0IACoGCAowt6AMMLAmMJSCDg?hl=en-US&gl=US&ceid=US%3Aen"
"Israeli man charged with spying for Iran","https://news.google.com/articles/CBMiM2h0dHBzOi8vd3d3LmJiYy5jb20vbmV3cy93b3JsZC1taWRkbGUtZWFzdC01MjIwOTY0MNIBN2h0dHBzOi8vd3d3LmJiYy5jb20vbmV3cy9hbXAvd29ybGQtbWlkZGxlLWVhc3QtNTIyMDk2NDA?hl=en-US&gl=US&ceid=US%3Aen"
"Iran Reaches Production Milestone At World’s Largest Gas Field","https://news.google.com/articles/CBMiVWh0dHBzOi8vZmluYW5jZS55YWhvby5jb20vbmV3cy9pcmFuLXJlYWNoZXMtcHJvZHVjdGlvbi1taWxlc3RvbmUtd29ybGQtMTkwMDAwMzg0Lmh0bWzSAV1odHRwczovL2ZpbmFuY2UueWFob28uY29tL2FtcGh0bWwvbmV3cy9pcmFuLXJlYWNoZXMtcHJvZHVjdGlvbi1taWxlc3RvbmUtd29ybGQtMTkwMDAwMzg0Lmh0bWw?hl=en-US&gl=US&ceid=US%3Aen"
"AP PHOTOS: Virus stills Iran's frenetic capital, Tehran By EBRAHIM NOROOZIApril 8, 2020","https://news.google.com/articles/CBMiM2h0dHBzOi8vYXBuZXdzLmNvbS8zMmE2MTIxZTBhNzExZTE0MWNlY2Y1YjQ5ZDk4Njk3YtIBAA?hl=en-US&gl=US&ceid=US%3Aen"
"The Next Iranian Revolution","https://news.google.com/articles/CAIiEJfeQbQRLIkWRQlf959MK7AqFwgEKg4IACoGCAowwM8TMNDBAjD2nKUG?hl=en-US&gl=US&ceid=US%3Aen"
"Iranian press review: Afghan refugees flee Iran over coronavirus fears","https://news.google.com/articles/CAIiECbIik8NC2P3kPQOXe_AcksqMwgEKioIACIQXhfceace-k5C9LMh9baNVCoUCAoiEF4X3HmnHvpOQvSzIfW2jVQw4qDFBg?hl=en-US&gl=US&ceid=US%3Aen"
"State report: Russian, Chinese and Iranian disinformation narratives echo one another","https://news.google.com/articles/CAIiEHaVdMJo-rUz2n6rVsnUjcoqGQgEKhAIACoHCAow4Zn5CjCu8uACMLTRlgY?hl=en-US&gl=US&ceid=US%3Aen"
"UN rights chief rejects killings acknowledged by Cameroon, and Iran's execution of child offenders","https://news.google.com/articles/CBMiLGh0dHBzOi8vbmV3cy51bi5vcmcvZW4vc3RvcnkvMjAyMC8wNC8xMDYyNDAy0gEA?hl=en-US&gl=US&ceid=US%3Aen"
"What U.S. Sanctions Mean for Iran's Coronavirus Fight","https://news.google.com/articles/CAIiEPNxjakbkKTSuA75oz_P0doqGQgEKhAIACoHCAow4uzwCjCF3bsCMK3JrwM?hl=en-US&gl=US&ceid=US%3Aen"
"Iran suspected of seizing, releasing Hong Kong-flagged tanker near Strait of Hormuz","https://news.google.com/articles/CBMiZWh0dHBzOi8vd3d3LmZveG5ld3MuY29tL3dvcmxkL2lyYW4tc3VzcGVjdGVkLXNlaXppbmctcmVsZWFzaW5nLWhvbmcta29uZy1mbGFnZ2VkLXRhbmtlci1zdHJhaXQtaG9ybXV60gFpaHR0cHM6Ly93d3cuZm94bmV3cy5jb20vd29ybGQvaXJhbi1zdXNwZWN0ZWQtc2VpemluZy1yZWxlYXNpbmctaG9uZy1rb25nLWZsYWdnZWQtdGFua2VyLXN0cmFpdC1ob3JtdXouYW1w?hl=en-US&gl=US&ceid=US%3Aen"
"Iran's coronavirus death toll rises to 4,585","https://news.google.com/articles/CAIiEEZ6eBDDO7Qos-F-ZYcbfuwqGAgEKg8IACoHCAowr9eeCTDYlm4w1s6cAQ?hl=en-US&gl=US&ceid=US%3Aen"
"Oil spikes as Trump threatens action against Iran","https://news.google.com/articles/CBMiQmh0dHBzOi8vd3d3LmZveGJ1c2luZXNzLmNvbS9tYXJrZXRzL29pbC1wcmljZS10cnVtcC10aHJlYXRlbnMtaXJhbtIBRmh0dHBzOi8vd3d3LmZveGJ1c2luZXNzLmNvbS9tYXJrZXRzL29pbC1wcmljZS10cnVtcC10aHJlYXRlbnMtaXJhbi5hbXA?hl=en-US&gl=US&ceid=US%3Aen"
